<?xml version="1.0" encoding="UTF-8"?>
<beans:beans xmlns="http://www.springframework.org/schema/mvc"
	xmlns:xsi="http://www.w3.org/2001/XMLSchema-instance"
	xmlns:beans="http://www.springframework.org/schema/beans"
	xmlns:context="http://www.springframework.org/schema/context"
	xmlns:websocket="http://www.springframework.org/schema/websocket"
	xsi:schemaLocation="http://www.springframework.org/schema/websocket http://www.springframework.org/schema/websocket/spring-websocket-4.1.xsd
		http://www.springframework.org/schema/mvc http://www.springframework.org/schema/mvc/spring-mvc.xsd
		http://www.springframework.org/schema/beans http://www.springframework.org/schema/beans/spring-beans.xsd
		http://www.springframework.org/schema/context http://www.springframework.org/schema/context/spring-context.xsd">

	<!-- DispatcherServlet Context: defines this servlet's request-processing infrastructure -->
	
	<!-- Enables the Spring MVC @Controller programming model -->
	<annotation-driven />

	<!-- Handles HTTP GET requests for /resources/** by efficiently serving up static resources in the ${webappRoot}/resources directory -->

	<resources mapping="/css/**" location="/WEB-INF/views/css/" />
	<resources mapping="/js/**" location="/resources/js/" />
	<resources mapping="/resources/**" location="/resources/" />
	<resources mapping="/smarteditor/**" location="/smarteditor/" />
	<resources mapping="/image/**" location="/WEB-INF/views/image/" />

	<!-- 빈스 임포트 입력 필!!! -->
	<beans:import resource="classpath:/config/mybatis/dao-context.xml"/>


	<!-- Resolves views selected for rendering by @Controllers to .jsp resources in the /WEB-INF/views directory -->
	 <beans:bean class="org.springframework.web.servlet.view.InternalResourceViewResolver">
		<beans:property name="prefix" value="/WEB-INF/views/" />
		<beans:property name="suffix" value=".jsp" />
	</beans:bean> 


	<!-- 파일업로드 Commons -->
	<beans:bean id="multipartResolver"
	       class="org.springframework.web.multipart.commons.CommonsMultipartResolver">
	    <beans:property name="maxUploadSize" value="5242880" /> <!-- 5MB -->
        <!-- max size of file in memory (in bytes) -->
        <beans:property name="maxInMemorySize" value="1048576" /> <!-- 1MB -->
	</beans:bean>
	

	<!-- 로그인 처리 인터셉터 설정 -->
	<beans:bean id="HonoljaInterceptor" class="com.guest.honolja.interceptor.HonoljaInterceptor"></beans:bean>
	<interceptors>
		<interceptor>
			<mapping path="/login_popup.do"/>
			<mapping path="/naver_login.do"/>
			<beans:ref bean="HonoljaInterceptor"/>
		</interceptor>
	</interceptors>
	
	<context:component-scan base-package="com.guest.*" />
</beans:beans>
